{"cameraMode":{"drawMode":0,"name":"Shaded","section":"Shading Mode"},"sceneLighting":false,"audioPlay":false,"sceneViewState":{"m_AlwaysRefresh":false,"showFog":true,"showSkybox":false,"showFlares":true,"showImageEffects":true,"showParticleSystems":true,"showVisualEffectGraphs":true,"m_FxEnabled":true},"in2DMode":false,"pivot":{"x":-0.781521201133728,"y":-0.33760541677474978,"z":-0.5722882747650147},"rotation":{"x":0.055316027253866199,"y":0.7387087941169739,"z":-0.0610821396112442,"w":0.6689713597297669},"size":0.6550076603889465,"orthographic":false}