{"cameraMode":{"drawMode":0,"name":"Shaded","section":"Shading Mode"},"sceneLighting":true,"audioPlay":false,"sceneViewState":{"m_AlwaysRefresh":false,"showFog":true,"showSkybox":true,"showFlares":true,"showImageEffects":true,"showParticleSystems":true,"showVisualEffectGraphs":true,"m_FxEnabled":true},"in2DMode":false,"pivot":{"x":0.7071377038955689,"y":1.3560916185379029,"z":0.16118955612182618},"rotation":{"x":0.0058210487477481369,"y":0.8326674103736877,"z":-0.008737956173717976,"w":0.5536949634552002},"size":6.496776580810547,"orthographic":true}