{"cameraMode":{"drawMode":0,"name":"Shaded","section":"Shading Mode"},"sceneLighting":true,"audioPlay":false,"sceneViewState":{"m_AlwaysRefresh":false,"showFog":true,"showSkybox":true,"showFlares":true,"showImageEffects":true,"showParticleSystems":true,"showVisualEffectGraphs":true,"m_FxEnabled":true},"in2DMode":false,"pivot":{"x":0.7071377038955689,"y":1.3560916185379029,"z":0.16118955612182618},"rotation":{"x":0.14253903925418855,"y":0.2652032673358917,"z":-0.03966907784342766,"w":0.9527856707572937},"size":16.065006256103517,"orthographic":true}