{"cameraMode":{"drawMode":0,"name":"Shaded","section":"Shading Mode"},"sceneLighting":false,"audioPlay":false,"sceneViewState":{"m_AlwaysRefresh":false,"showFog":true,"showSkybox":false,"showFlares":true,"showImageEffects":true,"showParticleSystems":true,"showVisualEffectGraphs":true,"m_FxEnabled":true},"in2DMode":false,"pivot":{"x":8.194425582885743,"y":4.666848182678223,"z":10.655328750610352},"rotation":{"x":-0.011043342761695385,"y":-0.9876179695129395,"z":0.08166374266147614,"w":-0.13355784118175507},"size":0.17320546507835389,"orthographic":true}